datasets,acc_1,mcc_1,f1_1,prec1,recall1,auc1,effort1
activemq,0.49821183904223476,-0.009284180639376659,0.19881836112174583,0.15483529924718353,0.486978064516129,0.4936714380243412,0.47243290322580644
