datasets,acc_1,acc_2,mcc_1,mcc_2,f1_1,f1_2,prec1,prec2,recall1,recall2,auc1,auc2,effort1,effort2
activemq,0.7539908214166944,0.7531917359494512,0.36005453869064497,0.35731077325972554,0.4716927589845895,0.46972065027474513,0.36061134500081893,0.35910557241316354,0.6834445161290321,0.6803877419354838,0.7254641226515421,0.7237521481744063,0.5375277419354838,0.5343103225806451
camel,0.788361472665926,0.7884365959059341,0.38042034867188473,0.3807603603831261,0.44392122857254906,0.4441738588308356,0.3198659506431051,0.3201324300279116,0.7266105117974484,0.7269080340869907,0.7615436961979913,0.7617154516254716,0.44048519777350875,0.44013866312004335
derby,0.7560207680537852,0.7560823898541715,0.32991347834328116,0.3284572892346879,0.40427444907846233,0.4033774697816579,0.2844379601508954,0.28401383482062814,0.7005937031484257,0.6977346326836582,0.7320119472986727,0.7308086503275747,0.5110052473763118,0.5085787106446776
